{
  "IcoMoonType": "selection",
  "icons": [
    {
      "icon": {
        "paths": [
          "M853.333 233.692l-63.027-63.025-249.862 249.864-249.864-249.864-63.025 63.025 249.864 249.864-249.864 249.862 63.025 63.027 249.864-249.864 249.862 249.864 63.027-63.027-249.862-249.862 249.862-249.864z"
        ],
        "attrs": [],
        "grid": 0,
        "tags": [
          "close-black"
        ]
      },
      "attrs": [],
      "properties": {
        "order": 62,
        "id": 0,
        "name": "close-black",
        "prevSize": 32
      },
      "setIdx": 0,
      "setId": 3,
      "iconIdx": 0
    }
  ],
  "height": 1024,
  "preferences": {
    "showGlyphs": true,
    "showQuickUse": true,
    "showQuickUse2": true,
    "showSVGs": true,
    "fontPref": {
      "prefix": "icon-",
      "metadata": {
        "fontFamily": "icomoon"
      },
      "metrics": {
        "emSize": 1024,
        "baseline": 6.25,
        "whitespace": 50
      },
      "embed": false
    },
    "imagePref": {
      "prefix": "icon-",
      "png": true,
      "useClassSelector": true,
      "color": 0,
      "bgColor": 16777215,
      "classSelector": ".icon",
      "name": "icomoon",
      "height": 32,
      "columns": 16,
      "margin": 16
    },
    "historySize": 50,
    "showCodes": true,
    "gridSize": 16
  }
}